Name,Age,Salary
Sunil,43,56776
Naresh,52,76821
Venugopal,36,68038
Anil,51,78524
Rajesh,21,66981
Venugopal,43,40122
Rajesh,40,49982
Mahesh,42,56557
Kamal,26,77621
Mukesh,52,70918
Rajesh,39,55121
Vijay,51,64262
Rajesh,25,50498
Anil,28,45777
Venugopal,58,42154
Anil,60,66687
Ajay,59,41764
Suresh,43,75773
Mahesh,47,30031
Rakesh,39,48816
Rajesh,48,64996
Ramu,29,34088
Ramu,53,41728
Vijay,45,64034
Sunil,31,54888
Suresh,54,60847
Mahesh,57,79992
Rakesh,35,77720
Naresh,29,50397
Sunil,21,46877
Rakesh,39,71513
Shyamu,31,76959
Vijay,37,70360
Venugopal,37,47828
Mahesh,48,79428
Naresh,50,39319
Vijay,32,43327
Sunil,26,64659
Naresh,55,45495
Mahesh,54,35294
Shyamu,46,32861
Ajay,32,32578
Ramu,39,45627
Mahesh,49,79707
Naresh,27,37729
Venugopal,56,31461
Kamal,28,33388
Vijay,59,39751
Rakesh,59,65435
Suresh,26,45432
Mahesh,26,56405
Sanjay,50,40947
Ramu,36,45374
Ajay,57,71616
Vijay,34,37709
Anil,25,34711
Sanjay,40,50916
Kamal,24,71573
Rajesh,38,51111
Mukesh,27,71819
Sanjay,57,38140
Naresh,36,41552
Ajay,22,60003
Sanjay,51,78360
Kamal,59,63365
Vijay,45,59572
Kamal,54,47485
Ramu,58,71051
Venugopal,27,34135
Vijay,27,46995
Suresh,33,78556
Sanjay,52,73041
Rakesh,28,46957
Rajesh,43,56896
Naresh,29,53323
Ajay,24,62877
Mukesh,34,53769
Naresh,26,63872
Rajesh,28,36355
Venugopal,46,69193
Ajay,41,45766
Venugopal,30,55845
Sunil,25,32009
Sunil,29,36345
Sunil,44,75025
Venugopal,60,39038
Venugopal,33,36078
Ajay,40,74119
Ajay,35,32685
Sanjay,34,63117
Anil,45,32361
Vijay,45,37973
Ramu,32,62419
Sunil,45,68642
Suresh,52,42595
Sunil,57,39896
Kamal,40,66373
Vijay,59,41319
Mahesh,34,51678
Venugopal,28,65872
Ramu,51,42338
Ajay,27,40882
Suresh,26,50079
Mahesh,46,71784
Suresh,29,59377
Venugopal,28,47677
Anil,60,36775
Shyamu,53,71240
Ajay,34,30354
Sunil,48,61778
Ajay,49,57768
Vijay,57,51747
Kamal,36,31698
Naresh,54,65067
Anil,59,64243
Shyamu,26,51889
Rakesh,46,32434
Shyamu,37,75304
Naresh,48,60622
Rajesh,48,65653
Naresh,28,70012
Vijay,51,42179
Mahesh,21,45823
Shyamu,35,62457
Vijay,26,69516
Sunil,48,32514
Naresh,21,53994
Sanjay,30,32134
Mukesh,26,70915
Suresh,34,76721
Naresh,58,69758
Sunil,49,78924
Ajay,25,68695
Sunil,21,78011
Suresh,39,42837
Shyamu,49,75441
Rakesh,28,79830
Vijay,37,50932
Rajesh,48,56525
Sunil,27,44689
Vijay,31,64739
Kamal,36,61143
Shyamu,33,53883
Vijay,30,30371
Sanjay,36,59038
Venugopal,42,49849
Suresh,58,45276
Mukesh,59,56763
Venugopal,59,71710
Sunil,55,60310
Rajesh,32,64693
Venugopal,29,38316
Ajay,21,66010
Venugopal,56,58663
Mahesh,52,36807
Suresh,30,65759
Naresh,44,42153
Naresh,50,40100
Sanjay,55,50217
Anil,51,71762
Anil,46,36685
Ajay,26,48561
Anil,43,32645
Ramu,58,69402
Venugopal,23,63371
Rakesh,29,46427
Shyamu,28,35131
Mahesh,26,71255
Anil,58,32385
Mahesh,49,68014
Vijay,48,44454
Suresh,42,38368
Ramu,49,62844
Rajesh,29,40525
Kamal,52,37530
Anil,47,33145
Vijay,37,31837
Mahesh,44,47569
Venugopal,31,74775
Ramu,29,54937
Naresh,34,35354
Anil,22,44708
Mahesh,46,58713
Rakesh,51,60906
Sanjay,38,70121
Anil,47,58462
Ajay,38,67730
Kamal,29,59512
Vijay,30,68443
Shyamu,54,74854
Shyamu,53,50209
Kamal,60,79854
Shyamu,46,51499
Ramu,28,43889
Shyamu,36,38067
Sanjay,57,76165
Rakesh,45,54973
Mukesh,48,72053
Ajay,30,79122
Kamal,21,39909
Kamal,59,55553
Naresh,30,74772
Mukesh,60,64809
Rakesh,57,70896
Rakesh,42,66721
Venugopal,26,49854
Mukesh,58,59030
Sunil,41,41872
Suresh,34,40154
Ramu,27,61745
Sunil,56,50884
Venugopal,44,64426
Ramu,29,54701
Sanjay,46,30716
Naresh,26,58406
Mukesh,28,68691
Ajay,29,49795
Anil,46,61594
Mahesh,21,77789
Kamal,33,49312
Mahesh,59,69678
Sanjay,26,41592
Sunil,57,60776
Venugopal,60,77255
Rajesh,47,54572
Anil,38,37923
Shyamu,50,49955
Rajesh,43,51328
Anil,26,74382
Anil,40,37687
Venugopal,56,66923
Shyamu,30,68495
Anil,38,35616
Ajay,36,57327
Sanjay,24,41026
Anil,34,61810
Suresh,47,59144
Ajay,35,52968
Vijay,49,30190
Rakesh,40,31332
Suresh,27,57994
Ajay,38,39980
Vijay,38,54800
Ramu,41,43962
Sunil,34,30579
Rajesh,32,32483
Shyamu,31,51721
Sunil,44,57202
Sunil,39,66066
Ajay,27,36266
Kamal,60,70804
Suresh,23,47633
Venugopal,48,74209
Venugopal,37,55500
Rajesh,49,69978
Anil,38,64078
Kamal,41,59070
Kamal,40,76733
Rakesh,47,33009
Ajay,23,60960
Anil,51,37004
Mahesh,45,55914
Suresh,51,79433
Sanjay,30,44852
Vijay,45,61530
Naresh,26,49446
Mukesh,23,69577
Shyamu,52,47334
Mukesh,32,62666
Mukesh,47,55440
Anil,50,56977
Rakesh,29,58852
Suresh,54,57914
Rakesh,49,62366
Mahesh,56,71703
Sanjay,22,65966
Kamal,35,40854
Mukesh,54,73140
Sanjay,44,37081
Mukesh,30,63937
Vijay,26,43075
Suresh,27,78769
Rajesh,27,34630
Anil,44,63109
Anil,23,76421
Ajay,21,44497
Rajesh,23,45115
Mahesh,40,77471
Suresh,58,78723
Sanjay,46,79024
Ajay,22,64961
Rakesh,45,70886
Ramu,57,44102
Anil,35,43918
Mukesh,59,78656
Rajesh,41,75453
Venugopal,41,42098
Suresh,34,44007
Anil,31,43654
Naresh,33,64497
Mahesh,48,32382
Sanjay,22,54905
Ajay,29,44541
Kamal,21,72512
Kamal,28,71317
Rajesh,43,74289
Rajesh,31,51107
Mahesh,38,46721
Rakesh,49,58636
Kamal,26,48359
Rajesh,36,41455
Ramu,53,67886
Naresh,57,79937
Ramu,51,44605
Venugopal,33,76308
Sanjay,38,52643
Rajesh,56,65459
Mukesh,41,78103
Sunil,51,54847
Kamal,44,75307
Vijay,58,62168
Sunil,50,53807
Mahesh,45,41711
Sunil,38,46963
Mukesh,57,51740
Shyamu,47,74736
Naresh,53,56278
Anil,24,44024
Suresh,30,63747
Mukesh,30,34620
Kamal,31,59522
Mahesh,50,38482
Rajesh,44,53098
Sanjay,39,43650
Suresh,55,79068
Anil,29,62329
Naresh,26,67335
Suresh,48,47999
Vijay,35,59891
Sunil,48,75851
Mahesh,22,61937
Naresh,44,57062
Anil,23,64195
Sunil,33,61165
Sanjay,53,74379
Mukesh,36,62777
Rakesh,54,77680
Shyamu,29,32974
Sunil,36,69157
Ramu,23,56487
Rajesh,23,61123
Anil,35,43960
Rakesh,53,71103
Vijay,38,48230
Sanjay,49,59795
Naresh,43,75815
Anil,54,79411
Rakesh,57,73907
Naresh,40,36840
Sanjay,47,35609
Anil,27,76354
Mukesh,32,44337
Anil,21,31323
Rajesh,22,35108
Sanjay,56,66883
Anil,51,61617
Kamal,31,70414
Ramu,38,32761
Rajesh,32,48032
Suresh,56,59684
Naresh,58,64282
Ajay,57,52108
Ajay,43,45689
Vijay,32,61420
Rajesh,31,63834
Ramu,52,47329
Ramu,31,31806
Sanjay,49,72369
Vijay,34,56354
Shyamu,58,37683
